1,John Smith,123 Main St
2,Emily Davis,456 Elm St
3,Adam Jones,789 Oak St
4,Samantha Wilson,1011 Maple Ave
5,Christopher Lee,1213 Cedar Blvd
6,Rachel Hernandez,1415 Pine Dr
7,Matthew Taylor,1617 Birch Rd
8,Olivia Martin,1819 Willow Ln
9,Ethan Anderson,2021 Cherry St
10,Isabella White,2223 Maplewood Dr
11,Michael Brown,2425 Oakwood Ave
12,Sophia Davis,2627 Pinehurst Dr
13,Daniel Martinez,2829 Cedarwood Ln
14,Ava Gonzalez,3031 Maple St
15,Samuel Rodriguez,3233 Elmwood Rd
16,Mia Kim,3435 Oak St
17,William Jackson,3637 Birch Ave
18,Victoria Martinez,3839 Willow Dr
19,Benjamin Davis,4041 Cherry Ln
20,Natalie Anderson,4243 Maplewood Ave
